timestamp,node_id,log_text
31.137179,47,"Node #47 [  31.13718] Sent Join Request to [1,254]"
31.137256,46,Node #46 [  31.13726] Sent Join Reply to: 47
31.137334,47,"Node #47 [  31.13733] Heard Join Reply from: [1,254]"
31.137334,47,"Node #47 [  31.13733] 47.[1,1] Sending JOIN_ACK to [1,254] through 46.[1,254] (selected by Neighbors Table)"
73.513132,45,"Node #45 [  73.51313] Sent Join Request to [1,254]"
73.513203,46,Node #46 [  73.51320] Sent Join Reply to: 45
73.513275,45,"Node #45 [  73.51327] Heard Join Reply from: [1,254]"
73.513275,45,"Node #45 [  73.51327] 45.[1,2] Sending JOIN_ACK to [1,254] through 46.[1,254] (selected by Neighbors Table)"
103.513371,44,"Node #44 [ 103.51337] Sent Join Request to [1,2]"
103.513467,45,Node #45 [ 103.51347] Heard Join Request from 44
103.513467,45,"Node #45 [ 103.51347] 45.[1,2] Sending NETWORK_REQUEST to [1,254] through 46.[1,254] (selected by Neighbors Table)"
103.513539,46,"Node #46 [ 103.51354] Sent network reply to [1,2]"
103.513539,46,"Node #46 [ 103.51354] 46.[1,254] Sending NETWORK_REPLY to [1,2] through 45.[1,2] (selected by Neighbors Table)"
103.513610,45,"Node #45 [ 103.51361] 45.[1,2] Sending NETWORK_UPDATE to [1,254] through 46.[1,254] (selected by Neighbors Table)"
103.513610,45,Node #45 [ 103.51361] Sent Join Reply to: 44
103.513706,44,"Node #44 [ 103.51371] Heard Join Reply from: [1,2]"
103.513706,44,"Node #44 [ 103.51371] 44.[2,254] Sending JOIN_ACK to [1,2] through 45.[1,2] (selected by Neighbors Table)"
103.513802,45,"Node #45 [ 103.51380] 45.[1,2] Sending NETWORK_UPDATE to [1,254] through 46.[1,254] (selected by Neighbors Table)"
123.513791,43,"Node #43 [ 123.51379] Sent Join Request to [2,254]"
123.513875,44,Node #44 [ 123.51387] Sent Join Reply to: 43
123.513959,43,"Node #43 [ 123.51396] Heard Join Reply from: [2,254]"
123.513959,43,"Node #43 [ 123.51396] 43.[2,1] Sending JOIN_ACK to [2,254] through 44.[2,254] (selected by Neighbors Table)"
125.906941,36,"Node #36 [ 125.90694] Sent Join Request to [2,254]"
125.907025,44,Node #44 [ 125.90702] Sent Join Reply to: 36
125.907109,36,"Node #36 [ 125.90711] Heard Join Reply from: [2,254]"
125.907109,36,"Node #36 [ 125.90711] 36.[2,2] Sending JOIN_ACK to [2,254] through 44.[2,254] (selected by Neighbors Table)"
139.909363,39,"Node #39 [ 139.90936] Sent Join Request to [1,1]"
139.909434,47,Node #47 [ 139.90943] Heard Join Request from 39
139.909434,47,"Node #47 [ 139.90943] 47.[1,1] Sending NETWORK_REQUEST to [1,254] through 46.[1,254] (selected by Neighbors Table)"
139.909511,46,"Node #46 [ 139.90951] Sent network reply to [1,1]"
139.909511,46,"Node #46 [ 139.90951] 46.[1,254] Sending NETWORK_REPLY to [1,1] through 47.[1,1] (selected by Neighbors Table)"
139.909589,47,"Node #47 [ 139.90959] 47.[1,1] Sending NETWORK_UPDATE to [1,254] through 46.[1,254] (selected by Neighbors Table)"
139.909589,47,Node #47 [ 139.90959] Sent Join Reply to: 39
139.909660,39,"Node #39 [ 139.90966] Heard Join Reply from: [1,1]"
139.909660,39,"Node #39 [ 139.90966] 39.[3,254] Sending JOIN_ACK to [1,1] through 47.[1,1] (selected by Neighbors Table)"
139.909731,47,"Node #47 [ 139.90973] 47.[1,1] Sending NETWORK_UPDATE to [1,254] through 46.[1,254] (selected by Neighbors Table)"
148.376637,42,"Node #42 [ 148.37664] Sent Join Request to [2,1]"
148.376686,43,Node #43 [ 148.37669] Heard Join Request from 42
148.376686,43,"Node #43 [ 148.37669] 43.[2,1] Sending NETWORK_REQUEST to [1,254] through 44.[2,254] (selected by Parent)"
148.376770,44,"Node #44 [ 148.37677] 44.[2,254] Sending NETWORK_REQUEST to [1,254] through 45.[1,2] (selected by Neighbor Network)"
148.376867,45,"Node #45 [ 148.37687] 45.[1,2] Sending NETWORK_REQUEST to [1,254] through 46.[1,254] (selected by Neighbors Table)"
148.376938,46,"Node #46 [ 148.37694] Sent network reply to [2,1]"
148.376938,46,"Node #46 [ 148.37694] 46.[1,254] Sending NETWORK_REPLY to [2,1] through 45.[1,2] (selected by Networking Table)"
148.377009,45,"Node #45 [ 148.37701] 45.[1,2] Sending NETWORK_REPLY to [2,1] through 44.[2,254] (selected by Neighbor Network)"
148.377105,44,"Node #44 [ 148.37711] 44.[2,254] Sending NETWORK_REPLY to [2,1] through 43.[2,1] (selected by Neighbors Table)"
148.377190,43,"Node #43 [ 148.37719] 43.[2,1] Sending NETWORK_UPDATE to [1,254] through 44.[2,254] (selected by Parent)"
148.377190,43,Node #43 [ 148.37719] Sent Join Reply to: 42
148.377239,42,"Node #42 [ 148.37724] Heard Join Reply from: [2,1]"
148.377239,42,"Node #42 [ 148.37724] 42.[4,254] Sending JOIN_ACK to [2,1] through 43.[2,1] (selected by Neighbors Table)"
148.377274,44,"Node #44 [ 148.37727] 44.[2,254] Sending NETWORK_UPDATE to [1,254] through 45.[1,2] (selected by Neighbor Network)"
148.377288,43,"Node #43 [ 148.37729] 43.[2,1] Sending NETWORK_UPDATE to [1,254] through 44.[2,254] (selected by Parent)"
148.377370,45,"Node #45 [ 148.37737] 45.[1,2] Sending NETWORK_UPDATE to [1,254] through 46.[1,254] (selected by Neighbors Table)"
148.377372,44,"Node #44 [ 148.37737] 44.[2,254] Sending NETWORK_UPDATE to [1,254] through 45.[1,2] (selected by Neighbor Network)"
148.377468,45,"Node #45 [ 148.37747] 45.[1,2] Sending NETWORK_UPDATE to [1,254] through 46.[1,254] (selected by Neighbors Table)"
155.907183,28,"Node #28 [ 155.90718] Sent Join Request to [2,2]"
155.907257,36,Node #36 [ 155.90726] Heard Join Request from 28
155.907257,36,"Node #36 [ 155.90726] 36.[2,2] Sending NETWORK_REQUEST to [1,254] through 44.[2,254] (selected by Parent)"
155.907341,44,"Node #44 [ 155.90734] 44.[2,254] Sending NETWORK_REQUEST to [1,254] through 45.[1,2] (selected by Neighbor Network)"
155.907437,45,"Node #45 [ 155.90744] 45.[1,2] Sending NETWORK_REQUEST to [1,254] through 46.[1,254] (selected by Neighbors Table)"
155.907508,46,"Node #46 [ 155.90751] Sent network reply to [2,2]"
155.907508,46,"Node #46 [ 155.90751] 46.[1,254] Sending NETWORK_REPLY to [2,2] through 45.[1,2] (selected by Networking Table)"
155.907580,45,"Node #45 [ 155.90758] 45.[1,2] Sending NETWORK_REPLY to [2,2] through 44.[2,254] (selected by Neighbor Network)"
155.907676,44,"Node #44 [ 155.90768] 44.[2,254] Sending NETWORK_REPLY to [2,2] through 36.[2,2] (selected by Neighbors Table)"
155.907760,36,"Node #36 [ 155.90776] 36.[2,2] Sending NETWORK_UPDATE to [1,254] through 44.[2,254] (selected by Parent)"
155.907760,36,Node #36 [ 155.90776] Sent Join Reply to: 28
155.907834,28,"Node #28 [ 155.90783] Heard Join Reply from: [2,2]"
155.907834,28,"Node #28 [ 155.90783] 28.[5,254] Sending JOIN_ACK to [2,2] through 36.[2,2] (selected by Neighbors Table)"
155.907844,44,"Node #44 [ 155.90784] 44.[2,254] Sending NETWORK_UPDATE to [1,254] through 45.[1,2] (selected by Neighbor Network)"
155.907908,36,"Node #36 [ 155.90791] 36.[2,2] Sending NETWORK_UPDATE to [1,254] through 44.[2,254] (selected by Parent)"
155.907940,45,"Node #45 [ 155.90794] 45.[1,2] Sending NETWORK_UPDATE to [1,254] through 46.[1,254] (selected by Neighbors Table)"
155.907992,44,"Node #44 [ 155.90799] 44.[2,254] Sending NETWORK_UPDATE to [1,254] through 45.[1,2] (selected by Neighbor Network)"
155.908088,45,"Node #45 [ 155.90809] 45.[1,2] Sending NETWORK_UPDATE to [1,254] through 46.[1,254] (selected by Neighbors Table)"
159.909727,31,"Node #31 [ 159.90973] Sent Join Request to [3,254]"
159.909794,39,Node #39 [ 159.90979] Sent Join Reply to: 31
159.909861,31,"Node #31 [ 159.90986] Heard Join Reply from: [3,254]"
159.909861,31,"Node #31 [ 159.90986] 31.[3,1] Sending JOIN_ACK to [3,254] through 39.[3,254] (selected by Neighbors Table)"
172.119290,35,"Node #35 [ 172.11929] Sent Join Request to [4,254]"
172.119380,42,Node #42 [ 172.11938] Sent Join Reply to: 35
172.119470,35,"Node #35 [ 172.11947] Heard Join Reply from: [4,254]"
172.119470,35,"Node #35 [ 172.11947] 35.[4,1] Sending JOIN_ACK to [4,254] through 42.[4,254] (selected by Neighbors Table)"
175.907891,20,"Node #20 [ 175.90789] Sent Join Request to [5,254]"
175.907924,27,"Node #27 [ 175.90792] Sent Join Request to [5,254]"
175.907948,28,Node #28 [ 175.90795] Sent Join Reply to: 20
175.908005,20,"Node #20 [ 175.90800] Heard Join Reply from: [5,254]"
175.908005,20,"Node #20 [ 175.90800] 20.[5,1] Sending JOIN_ACK to [5,254] through 28.[5,254] (selected by Neighbors Table)"
175.908014,28,Node #28 [ 175.90801] Sent Join Reply to: 27
175.908104,27,"Node #27 [ 175.90810] Heard Join Reply from: [5,254]"
175.908104,27,"Node #27 [ 175.90810] 27.[5,2] Sending JOIN_ACK to [5,254] through 28.[5,254] (selected by Neighbors Table)"
177.346561,34,"Node #34 [ 177.34656] Sent Join Request to [4,254]"
177.346624,42,Node #42 [ 177.34662] Sent Join Reply to: 34
177.346686,34,"Node #34 [ 177.34669] Heard Join Reply from: [4,254]"
177.346686,34,"Node #34 [ 177.34669] 34.[4,2] Sending JOIN_ACK to [4,254] through 42.[4,254] (selected by Neighbors Table)"
180.284782,23,"Node #23 [ 180.28478] Sent Join Request to [3,1]"
180.284871,31,Node #31 [ 180.28487] Heard Join Request from 23
180.284871,31,"Node #31 [ 180.28487] 31.[3,1] Sending NETWORK_REQUEST to [1,254] through 39.[3,254] (selected by Parent)"
180.284938,39,"Node #39 [ 180.28494] 39.[3,254] Sending NETWORK_REQUEST to [1,254] through 47.[1,1] (selected by Neighbor Network)"
180.285009,47,"Node #47 [ 180.28501] 47.[1,1] Sending NETWORK_REQUEST to [1,254] through 46.[1,254] (selected by Neighbors Table)"
180.285086,46,"Node #46 [ 180.28509] Sent network reply to [3,1]"
180.285086,46,"Node #46 [ 180.28509] 46.[1,254] Sending NETWORK_REPLY to [3,1] through 47.[1,1] (selected by Networking Table)"
180.285164,47,"Node #47 [ 180.28516] 47.[1,1] Sending NETWORK_REPLY to [3,1] through 39.[3,254] (selected by Neighbor Network)"
180.285234,39,"Node #39 [ 180.28523] 39.[3,254] Sending NETWORK_REPLY to [3,1] through 31.[3,1] (selected by Neighbors Table)"
180.285301,31,"Node #31 [ 180.28530] 31.[3,1] Sending NETWORK_UPDATE to [1,254] through 39.[3,254] (selected by Parent)"
180.285301,31,Node #31 [ 180.28530] Sent Join Reply to: 23
180.285368,39,"Node #39 [ 180.28537] 39.[3,254] Sending NETWORK_UPDATE to [1,254] through 47.[1,1] (selected by Neighbor Network)"
180.285390,23,"Node #23 [ 180.28539] Heard Join Reply from: [3,1]"
180.285390,23,"Node #23 [ 180.28539] 23.[6,254] Sending JOIN_ACK to [3,1] through 31.[3,1] (selected by Neighbors Table)"
180.285439,47,"Node #47 [ 180.28544] 47.[1,1] Sending NETWORK_UPDATE to [1,254] through 46.[1,254] (selected by Neighbors Table)"
180.285478,31,"Node #31 [ 180.28548] 31.[3,1] Sending NETWORK_UPDATE to [1,254] through 39.[3,254] (selected by Parent)"
180.285545,39,"Node #39 [ 180.28554] 39.[3,254] Sending NETWORK_UPDATE to [1,254] through 47.[1,1] (selected by Neighbor Network)"
180.285616,47,"Node #47 [ 180.28562] 47.[1,1] Sending NETWORK_UPDATE to [1,254] through 46.[1,254] (selected by Neighbors Table)"
188.702079,38,"Node #38 [ 188.70208] Sent Join Request to [3,254]"
188.702163,39,Node #39 [ 188.70216] Sent Join Reply to: 38
188.702247,38,"Node #38 [ 188.70225] Heard Join Reply from: [3,254]"
188.702247,38,"Node #38 [ 188.70225] 38.[3,2] Sending JOIN_ACK to [3,254] through 39.[3,254] (selected by Neighbors Table)"
188.851742,21,"Node #21 [ 188.85174] Sent Join Request to [5,254]"
188.851832,28,Node #28 [ 188.85183] Sent Join Reply to: 21
188.851921,21,"Node #21 [ 188.85192] Heard Join Reply from: [5,254]"
188.851921,21,"Node #21 [ 188.85192] 21.[5,3] Sending JOIN_ACK to [5,254] through 28.[5,254] (selected by Neighbors Table)"
192.197716,26,"Node #26 [ 192.19772] Sent Join Request to [5,2]"
192.197755,27,Node #27 [ 192.19776] Heard Join Request from 26
192.197755,27,"Node #27 [ 192.19776] 27.[5,2] Sending NETWORK_REQUEST to [1,254] through 28.[5,254] (selected by Parent)"
192.197845,28,"Node #28 [ 192.19785] 28.[5,254] Sending NETWORK_REQUEST to [1,254] through 36.[2,2] (selected by Parent)"
192.197919,36,"Node #36 [ 192.19792] 36.[2,2] Sending NETWORK_REQUEST to [1,254] through 44.[2,254] (selected by Parent)"
192.198003,44,"Node #44 [ 192.19800] 44.[2,254] Sending NETWORK_REQUEST to [1,254] through 45.[1,2] (selected by Neighbor Network)"
192.198099,45,"Node #45 [ 192.19810] 45.[1,2] Sending NETWORK_REQUEST to [1,254] through 46.[1,254] (selected by Neighbors Table)"
192.198171,46,"Node #46 [ 192.19817] Sent network reply to [5,2]"
192.198171,46,"Node #46 [ 192.19817] 46.[1,254] Sending NETWORK_REPLY to [5,2] through 45.[1,2] (selected by Networking Table)"
192.198242,45,"Node #45 [ 192.19824] 45.[1,2] Sending NETWORK_REPLY to [5,2] through 44.[2,254] (selected by Networking Table)"
192.198338,44,"Node #44 [ 192.19834] 44.[2,254] Sending NETWORK_REPLY to [5,2] through 36.[2,2] (selected by Networking Table)"
192.198422,36,"Node #36 [ 192.19842] 36.[2,2] Sending NETWORK_REPLY to [5,2] through 28.[5,254] (selected by Neighbor Network)"
192.198496,28,"Node #28 [ 192.19850] 28.[5,254] Sending NETWORK_REPLY to [5,2] through 27.[5,2] (selected by Neighbors Table)"
192.198586,27,"Node #27 [ 192.19859] 27.[5,2] Sending NETWORK_UPDATE to [1,254] through 28.[5,254] (selected by Parent)"
192.198586,27,Node #27 [ 192.19859] Sent Join Reply to: 26
192.198626,26,"Node #26 [ 192.19863] Heard Join Reply from: [5,2]"
192.198626,26,"Node #26 [ 192.19863] 26.[7,254] Sending JOIN_ACK to [5,2] through 27.[5,2] (selected by Neighbors Table)"
192.198665,27,"Node #27 [ 192.19867] 27.[5,2] Sending NETWORK_UPDATE to [1,254] through 28.[5,254] (selected by Parent)"
192.198676,28,"Node #28 [ 192.19868] 28.[5,254] Sending NETWORK_UPDATE to [1,254] through 36.[2,2] (selected by Parent)"
192.198750,36,"Node #36 [ 192.19875] 36.[2,2] Sending NETWORK_UPDATE to [1,254] through 44.[2,254] (selected by Parent)"
192.198755,28,"Node #28 [ 192.19876] 28.[5,254] Sending NETWORK_UPDATE to [1,254] through 36.[2,2] (selected by Parent)"
192.198829,36,"Node #36 [ 192.19883] 36.[2,2] Sending NETWORK_UPDATE to [1,254] through 44.[2,254] (selected by Parent)"
192.198834,44,"Node #44 [ 192.19883] 44.[2,254] Sending NETWORK_UPDATE to [1,254] through 45.[1,2] (selected by Neighbor Network)"
192.198913,44,"Node #44 [ 192.19891] 44.[2,254] Sending NETWORK_UPDATE to [1,254] through 45.[1,2] (selected by Neighbor Network)"
192.198930,45,"Node #45 [ 192.19893] 45.[1,2] Sending NETWORK_UPDATE to [1,254] through 46.[1,254] (selected by Neighbors Table)"
192.199009,45,"Node #45 [ 192.19901] 45.[1,2] Sending NETWORK_UPDATE to [1,254] through 46.[1,254] (selected by Neighbors Table)"
196.331511,13,"Node #13 [ 196.33151] Sent Join Request to [5,3]"
196.331511,12,"Node #12 [ 196.33151] Sent Join Request to [5,1]"
196.331527,19,"Node #19 [ 196.33153] Sent Join Request to [5,2]"
196.331579,21,Node #21 [ 196.33158] Heard Join Request from 13
196.331579,21,"Node #21 [ 196.33158] 21.[5,3] Sending NETWORK_REQUEST to [1,254] through 28.[5,254] (selected by Parent)"
196.331594,20,Node #20 [ 196.33159] Heard Join Request from 12
196.331594,20,"Node #20 [ 196.33159] 20.[5,1] Sending NETWORK_REQUEST to [1,254] through 28.[5,254] (selected by Parent)"
196.331612,27,"Node #27 [ 196.33161] 27.[5,2] Sending NETWORK_REQUEST to [1,254] through 28.[5,254] (selected by Parent)"
196.331651,28,"Node #28 [ 196.33165] 28.[5,254] Sending NETWORK_REQUEST to [1,254] through 36.[2,2] (selected by Parent)"
196.331668,28,"Node #28 [ 196.33167] 28.[5,254] Sending NETWORK_REQUEST to [1,254] through 36.[2,2] (selected by Parent)"
196.331702,28,"Node #28 [ 196.33170] 28.[5,254] Sending NETWORK_REQUEST to [1,254] through 36.[2,2] (selected by Parent)"
196.331725,36,"Node #36 [ 196.33172] 36.[2,2] Sending NETWORK_REQUEST to [1,254] through 44.[2,254] (selected by Parent)"
196.331742,36,"Node #36 [ 196.33174] 36.[2,2] Sending NETWORK_REQUEST to [1,254] through 44.[2,254] (selected by Parent)"
196.331776,36,"Node #36 [ 196.33178] 36.[2,2] Sending NETWORK_REQUEST to [1,254] through 44.[2,254] (selected by Parent)"
196.331809,44,"Node #44 [ 196.33181] 44.[2,254] Sending NETWORK_REQUEST to [1,254] through 45.[1,2] (selected by Neighbor Network)"
196.331826,44,"Node #44 [ 196.33183] 44.[2,254] Sending NETWORK_REQUEST to [1,254] through 45.[1,2] (selected by Neighbor Network)"
196.331860,44,"Node #44 [ 196.33186] 44.[2,254] Sending NETWORK_REQUEST to [1,254] through 45.[1,2] (selected by Neighbor Network)"
196.331905,45,"Node #45 [ 196.33190] 45.[1,2] Sending NETWORK_REQUEST to [1,254] through 46.[1,254] (selected by Neighbors Table)"
196.331922,45,"Node #45 [ 196.33192] 45.[1,2] Sending NETWORK_REQUEST to [1,254] through 46.[1,254] (selected by Neighbors Table)"
196.331956,45,"Node #45 [ 196.33196] 45.[1,2] Sending NETWORK_REQUEST to [1,254] through 46.[1,254] (selected by Neighbors Table)"
196.331976,46,"Node #46 [ 196.33198] Sent network reply to [5,1]"
196.331976,46,"Node #46 [ 196.33198] 46.[1,254] Sending NETWORK_REPLY to [5,1] through 45.[1,2] (selected by Networking Table)"
196.331994,46,"Node #46 [ 196.33199] Sent network reply to [5,3]"
196.331994,46,"Node #46 [ 196.33199] 46.[1,254] Sending NETWORK_REPLY to [5,3] through 45.[1,2] (selected by Networking Table)"
196.332027,46,"Node #46 [ 196.33203] Sent network reply to [5,2]"
196.332027,46,"Node #46 [ 196.33203] 46.[1,254] Sending NETWORK_REPLY to [5,2] through 45.[1,2] (selected by Networking Table)"
196.332048,45,"Node #45 [ 196.33205] 45.[1,2] Sending NETWORK_REPLY to [5,1] through 44.[2,254] (selected by Networking Table)"
196.332065,45,"Node #45 [ 196.33207] 45.[1,2] Sending NETWORK_REPLY to [5,3] through 44.[2,254] (selected by Networking Table)"
196.332099,45,"Node #45 [ 196.33210] 45.[1,2] Sending NETWORK_REPLY to [5,2] through 44.[2,254] (selected by Networking Table)"
196.332144,44,"Node #44 [ 196.33214] 44.[2,254] Sending NETWORK_REPLY to [5,1] through 36.[2,2] (selected by Networking Table)"
196.332161,44,"Node #44 [ 196.33216] 44.[2,254] Sending NETWORK_REPLY to [5,3] through 36.[2,2] (selected by Networking Table)"
196.332195,44,"Node #44 [ 196.33219] 44.[2,254] Sending NETWORK_REPLY to [5,2] through 36.[2,2] (selected by Networking Table)"
196.332228,36,"Node #36 [ 196.33223] 36.[2,2] Sending NETWORK_REPLY to [5,1] through 28.[5,254] (selected by Neighbor Network)"
196.332246,36,"Node #36 [ 196.33225] 36.[2,2] Sending NETWORK_REPLY to [5,3] through 28.[5,254] (selected by Neighbor Network)"
196.332279,36,"Node #36 [ 196.33228] 36.[2,2] Sending NETWORK_REPLY to [5,2] through 28.[5,254] (selected by Neighbor Network)"
196.332302,28,"Node #28 [ 196.33230] 28.[5,254] Sending NETWORK_REPLY to [5,1] through 20.[5,1] (selected by Neighbors Table)"
196.332319,28,"Node #28 [ 196.33232] 28.[5,254] Sending NETWORK_REPLY to [5,3] through 21.[5,3] (selected by Neighbors Table)"
196.332353,28,"Node #28 [ 196.33235] 28.[5,254] Sending NETWORK_REPLY to [5,2] through 27.[5,2] (selected by Neighbors Table)"
196.332359,20,"Node #20 [ 196.33236] 20.[5,1] Sending NETWORK_UPDATE to [1,254] through 28.[5,254] (selected by Parent)"
196.332359,20,Node #20 [ 196.33236] Sent Join Reply to: 12
196.332409,21,"Node #21 [ 196.33241] 21.[5,3] Sending NETWORK_UPDATE to [1,254] through 28.[5,254] (selected by Parent)"
196.332409,21,Node #21 [ 196.33241] Sent Join Reply to: 13
196.332416,28,"Node #28 [ 196.33242] 28.[5,254] Sending NETWORK_UPDATE to [1,254] through 36.[2,2] (selected by Parent)"
196.332442,12,"Node #12 [ 196.33244] Heard Join Reply from: [5,1]"
196.332442,12,"Node #12 [ 196.33244] 12.[8,254] Sending JOIN_ACK to [5,1] through 20.[5,1] (selected by Neighbors Table)"
196.332443,27,Node #27 [ 196.33244] Sent Join Reply to: 19
196.332477,13,"Node #13 [ 196.33248] Heard Join Reply from: [5,3]"
196.332477,13,"Node #13 [ 196.33248] 13.[9,254] Sending JOIN_ACK to [5,3] through 21.[5,3] (selected by Neighbors Table)"
196.332490,36,"Node #36 [ 196.33249] 36.[2,2] Sending NETWORK_UPDATE to [1,254] through 44.[2,254] (selected by Parent)"
196.332498,28,"Node #28 [ 196.33250] 28.[5,254] Sending NETWORK_UPDATE to [1,254] through 36.[2,2] (selected by Parent)"
196.332524,20,"Node #20 [ 196.33252] 20.[5,1] Sending NETWORK_UPDATE to [1,254] through 28.[5,254] (selected by Parent)"
196.332528,19,"Node #19 [ 196.33253] Heard Join Reply from: [5,2]"
196.332528,19,"Node #19 [ 196.33253] 19.[10,254] Sending JOIN_ACK to [5,2] through 27.[5,2] (selected by Neighbors Table)"
196.332545,21,"Node #21 [ 196.33254] 21.[5,3] Sending NETWORK_UPDATE to [1,254] through 28.[5,254] (selected by Parent)"
196.332572,36,"Node #36 [ 196.33257] 36.[2,2] Sending NETWORK_UPDATE to [1,254] through 44.[2,254] (selected by Parent)"
196.332574,44,"Node #44 [ 196.33257] 44.[2,254] Sending NETWORK_UPDATE to [1,254] through 45.[1,2] (selected by Neighbor Network)"
196.332581,28,"Node #28 [ 196.33258] 28.[5,254] Sending NETWORK_UPDATE to [1,254] through 36.[2,2] (selected by Parent)"
196.332613,27,"Node #27 [ 196.33261] 27.[5,2] Sending NETWORK_UPDATE to [1,254] through 28.[5,254] (selected by Parent)"
196.332634,28,"Node #28 [ 196.33263] 28.[5,254] Sending NETWORK_UPDATE to [1,254] through 36.[2,2] (selected by Parent)"
196.332655,36,"Node #36 [ 196.33265] 36.[2,2] Sending NETWORK_UPDATE to [1,254] through 44.[2,254] (selected by Parent)"
196.332657,44,"Node #44 [ 196.33266] 44.[2,254] Sending NETWORK_UPDATE to [1,254] through 45.[1,2] (selected by Neighbor Network)"
196.332670,45,"Node #45 [ 196.33267] 45.[1,2] Sending NETWORK_UPDATE to [1,254] through 46.[1,254] (selected by Neighbors Table)"
196.332703,28,"Node #28 [ 196.33270] 28.[5,254] Sending NETWORK_UPDATE to [1,254] through 36.[2,2] (selected by Parent)"
196.332708,36,"Node #36 [ 196.33271] 36.[2,2] Sending NETWORK_UPDATE to [1,254] through 44.[2,254] (selected by Parent)"
196.332739,44,"Node #44 [ 196.33274] 44.[2,254] Sending NETWORK_UPDATE to [1,254] through 45.[1,2] (selected by Neighbor Network)"
196.332753,45,"Node #45 [ 196.33275] 45.[1,2] Sending NETWORK_UPDATE to [1,254] through 46.[1,254] (selected by Neighbors Table)"
196.332777,36,"Node #36 [ 196.33278] 36.[2,2] Sending NETWORK_UPDATE to [1,254] through 44.[2,254] (selected by Parent)"
196.332792,44,"Node #44 [ 196.33279] 44.[2,254] Sending NETWORK_UPDATE to [1,254] through 45.[1,2] (selected by Neighbor Network)"
196.332835,45,"Node #45 [ 196.33284] 45.[1,2] Sending NETWORK_UPDATE to [1,254] through 46.[1,254] (selected by Neighbors Table)"
196.332861,44,"Node #44 [ 196.33286] 44.[2,254] Sending NETWORK_UPDATE to [1,254] through 45.[1,2] (selected by Neighbor Network)"
196.332888,45,"Node #45 [ 196.33289] 45.[1,2] Sending NETWORK_UPDATE to [1,254] through 46.[1,254] (selected by Neighbors Table)"
196.332957,45,"Node #45 [ 196.33296] 45.[1,2] Sending NETWORK_UPDATE to [1,254] through 46.[1,254] (selected by Neighbors Table)"
206.627303,33,"Node #33 [ 206.62730] Sent Join Request to [4,2]"
206.627318,25,"Node #25 [ 206.62732] Sent Join Request to [4,2]"
206.627327,41,"Node #41 [ 206.62733] Sent Join Request to [4,2]"
206.627377,34,Node #34 [ 206.62738] Heard Join Request from 33
206.627377,34,"Node #34 [ 206.62738] 34.[4,2] Sending NETWORK_REQUEST to [1,254] through 42.[4,254] (selected by Parent)"
206.627439,42,"Node #42 [ 206.62744] 42.[4,254] Sending NETWORK_REQUEST to [1,254] through 43.[2,1] (selected by Parent)"
206.627488,43,"Node #43 [ 206.62749] 43.[2,1] Sending NETWORK_REQUEST to [1,254] through 44.[2,254] (selected by Parent)"
206.627573,44,"Node #44 [ 206.62757] 44.[2,254] Sending NETWORK_REQUEST to [1,254] through 45.[1,2] (selected by Neighbor Network)"
206.627669,45,"Node #45 [ 206.62767] 45.[1,2] Sending NETWORK_REQUEST to [1,254] through 46.[1,254] (selected by Neighbors Table)"
206.627740,46,"Node #46 [ 206.62774] Sent network reply to [4,2]"
206.627740,46,"Node #46 [ 206.62774] 46.[1,254] Sending NETWORK_REPLY to [4,2] through 45.[1,2] (selected by Networking Table)"
206.627812,45,"Node #45 [ 206.62781] 45.[1,2] Sending NETWORK_REPLY to [4,2] through 44.[2,254] (selected by Networking Table)"
206.627908,44,"Node #44 [ 206.62791] 44.[2,254] Sending NETWORK_REPLY to [4,2] through 43.[2,1] (selected by Networking Table)"
206.627992,43,"Node #43 [ 206.62799] 43.[2,1] Sending NETWORK_REPLY to [4,2] through 34.[4,2] (selected by Neighbors Table)"
206.628090,34,"Node #34 [ 206.62809] 34.[4,2] Sending NETWORK_UPDATE to [1,254] through 42.[4,254] (selected by Parent)"
206.628090,34,Node #34 [ 206.62809] Sent Join Reply to: 33
206.628153,42,"Node #42 [ 206.62815] 42.[4,254] Sending NETWORK_UPDATE to [1,254] through 43.[2,1] (selected by Parent)"
206.628164,33,"Node #33 [ 206.62816] Heard Join Reply from: [4,2]"
206.628164,33,"Node #33 [ 206.62816] 33.[11,254] Sending JOIN_ACK to [4,2] through 34.[4,2] (selected by Neighbors Table)"
206.628202,43,"Node #43 [ 206.62820] 43.[2,1] Sending NETWORK_UPDATE to [1,254] through 44.[2,254] (selected by Parent)"
206.628238,34,"Node #34 [ 206.62824] 34.[4,2] Sending NETWORK_UPDATE to [1,254] through 42.[4,254] (selected by Parent)"
206.628286,44,"Node #44 [ 206.62829] 44.[2,254] Sending NETWORK_UPDATE to [1,254] through 45.[1,2] (selected by Neighbor Network)"
206.628300,42,"Node #42 [ 206.62830] 42.[4,254] Sending NETWORK_UPDATE to [1,254] through 43.[2,1] (selected by Parent)"
206.628349,43,"Node #43 [ 206.62835] 43.[2,1] Sending NETWORK_UPDATE to [1,254] through 44.[2,254] (selected by Parent)"
206.628382,45,"Node #45 [ 206.62838] 45.[1,2] Sending NETWORK_UPDATE to [1,254] through 46.[1,254] (selected by Neighbors Table)"
206.628433,44,"Node #44 [ 206.62843] 44.[2,254] Sending NETWORK_UPDATE to [1,254] through 45.[1,2] (selected by Neighbor Network)"
206.628530,45,"Node #45 [ 206.62853] 45.[1,2] Sending NETWORK_UPDATE to [1,254] through 46.[1,254] (selected by Neighbors Table)"
209.576780,37,"Node #37 [ 209.57678] Sent Join Request to [3,2]"
209.576793,30,"Node #30 [ 209.57679] Sent Join Request to [3,2]"
209.576797,29,"Node #29 [ 209.57680] Sent Join Request to [3,2]"
209.576832,38,Node #38 [ 209.57683] Heard Join Request from 37
209.576832,38,"Node #38 [ 209.57683] 38.[3,2] Sending NETWORK_REQUEST to [1,254] through 45.[1,2] (selected by Neighbor Network)"
209.576930,45,"Node #45 [ 209.57693] 45.[1,2] Sending NETWORK_REQUEST to [1,254] through 46.[1,254] (selected by Neighbors Table)"
209.576963,22,"Node #22 [ 209.57696] Sent Join Request to [5,3]"
209.577001,46,"Node #46 [ 209.57700] Sent network reply to [3,2]"
209.577001,46,"Node #46 [ 209.57700] 46.[1,254] Sending NETWORK_REPLY to [3,2] through 47.[1,1] (selected by Networking Table)"
209.577047,21,"Node #21 [ 209.57705] 21.[5,3] Sending NETWORK_REQUEST to [1,254] through 28.[5,254] (selected by Parent)"
209.577079,47,"Node #47 [ 209.57708] 47.[1,1] Sending NETWORK_REPLY to [3,2] through 39.[3,254] (selected by Neighbor Network)"
209.577136,28,"Node #28 [ 209.57714] 28.[5,254] Sending NETWORK_REQUEST to [1,254] through 36.[2,2] (selected by Parent)"
209.577150,39,"Node #39 [ 209.57715] 39.[3,254] Sending NETWORK_REPLY to [3,2] through 38.[3,2] (selected by Neighbors Table)"
209.577210,36,"Node #36 [ 209.57721] 36.[2,2] Sending NETWORK_REQUEST to [1,254] through 44.[2,254] (selected by Parent)"
209.577234,38,"Node #38 [ 209.57723] 38.[3,2] Sending NETWORK_UPDATE to [1,254] through 45.[1,2] (selected by Neighbor Network)"
209.577234,38,Node #38 [ 209.57723] Sent Join Reply to: 37
209.577286,37,"Node #37 [ 209.57729] Heard Join Reply from: [3,2]"
209.577286,37,"Node #37 [ 209.57729] 37.[12,254] Sending JOIN_ACK to [3,2] through 38.[3,2] (selected by Neighbors Table)"
209.577294,44,"Node #44 [ 209.57729] 44.[2,254] Sending NETWORK_REQUEST to [1,254] through 45.[1,2] (selected by Neighbor Network)"
209.577331,45,"Node #45 [ 209.57733] 45.[1,2] Sending NETWORK_UPDATE to [1,254] through 46.[1,254] (selected by Neighbors Table)"
209.577338,38,"Node #38 [ 209.57734] 38.[3,2] Sending NETWORK_UPDATE to [1,254] through 45.[1,2] (selected by Neighbor Network)"
209.577391,45,"Node #45 [ 209.57739] 45.[1,2] Sending NETWORK_REQUEST to [1,254] through 46.[1,254] (selected by Neighbors Table)"
209.577436,45,"Node #45 [ 209.57744] 45.[1,2] Sending NETWORK_UPDATE to [1,254] through 46.[1,254] (selected by Neighbors Table)"
209.577462,46,"Node #46 [ 209.57746] Sent network reply to [5,3]"
209.577462,46,"Node #46 [ 209.57746] 46.[1,254] Sending NETWORK_REPLY to [5,3] through 45.[1,2] (selected by Networking Table)"
209.577533,45,"Node #45 [ 209.57753] 45.[1,2] Sending NETWORK_REPLY to [5,3] through 44.[2,254] (selected by Networking Table)"
209.577629,44,"Node #44 [ 209.57763] 44.[2,254] Sending NETWORK_REPLY to [5,3] through 36.[2,2] (selected by Networking Table)"
209.577714,36,"Node #36 [ 209.57771] 36.[2,2] Sending NETWORK_REPLY to [5,3] through 28.[5,254] (selected by Neighbor Network)"
209.577787,28,"Node #28 [ 209.57779] 28.[5,254] Sending NETWORK_REPLY to [5,3] through 21.[5,3] (selected by Neighbors Table)"
209.577877,21,Node #21 [ 209.57788] Sent Join Reply to: 22
209.577961,22,"Node #22 [ 209.57796] Heard Join Reply from: [5,3]"
209.577961,22,"Node #22 [ 209.57796] 22.[13,254] Sending JOIN_ACK to [5,3] through 21.[5,3] (selected by Neighbors Table)"
209.578045,21,"Node #21 [ 209.57805] 21.[5,3] Sending NETWORK_UPDATE to [1,254] through 28.[5,254] (selected by Parent)"
209.578135,28,"Node #28 [ 209.57813] 28.[5,254] Sending NETWORK_UPDATE to [1,254] through 36.[2,2] (selected by Parent)"
209.578208,36,"Node #36 [ 209.57821] 36.[2,2] Sending NETWORK_UPDATE to [1,254] through 44.[2,254] (selected by Parent)"
209.578293,44,"Node #44 [ 209.57829] 44.[2,254] Sending NETWORK_UPDATE to [1,254] through 45.[1,2] (selected by Neighbor Network)"
209.578389,45,"Node #45 [ 209.57839] 45.[1,2] Sending NETWORK_UPDATE to [1,254] through 46.[1,254] (selected by Neighbors Table)"
211.627318,25,"Node #25 [ 211.62732] Sent Join Request to [11,254]"
211.627327,41,"Node #41 [ 211.62733] Sent Join Request to [11,254]"
211.627385,33,Node #33 [ 211.62738] Sent Join Reply to: 25
211.627414,33,Node #33 [ 211.62741] Sent Join Reply to: 41
211.627452,25,"Node #25 [ 211.62745] Heard Join Reply from: [11,254]"
211.627452,25,"Node #25 [ 211.62745] 25.[11,1] Sending JOIN_ACK to [11,254] through 33.[11,254] (selected by Neighbors Table)"
211.627502,41,"Node #41 [ 211.62750] Heard Join Reply from: [11,254]"
211.627502,41,"Node #41 [ 211.62750] 41.[11,2] Sending JOIN_ACK to [11,254] through 33.[11,254] (selected by Neighbors Table)"
214.576793,30,"Node #30 [ 214.57679] Sent Join Request to [12,254]"
214.576797,29,"Node #29 [ 214.57680] Sent Join Request to [12,254]"
214.576850,37,Node #37 [ 214.57685] Sent Join Reply to: 29
214.576867,37,Node #37 [ 214.57687] Sent Join Reply to: 30
214.576903,29,"Node #29 [ 214.57690] Heard Join Reply from: [12,254]"
214.576903,29,"Node #29 [ 214.57690] 29.[12,1] Sending JOIN_ACK to [12,254] through 37.[12,254] (selected by Neighbors Table)"
214.576941,30,"Node #30 [ 214.57694] Heard Join Reply from: [12,254]"
214.576941,30,"Node #30 [ 214.57694] 30.[12,2] Sending JOIN_ACK to [12,254] through 37.[12,254] (selected by Neighbors Table)"
216.332498,11,"Node #11 [ 216.33250] Sent Join Request to [8,254]"
216.332525,4,"Node #4  [ 216.33252] Sent Join Request to [8,254]"
216.332555,12,Node #12 [ 216.33256] Sent Join Reply to: 11
216.332568,5,"Node #5  [ 216.33257] Sent Join Request to [9,254]"
216.332608,12,Node #12 [ 216.33261] Sent Join Reply to: 4
216.332612,11,"Node #11 [ 216.33261] Heard Join Reply from: [8,254]"
216.332612,11,"Node #11 [ 216.33261] 11.[8,1] Sending JOIN_ACK to [8,254] through 12.[8,254] (selected by Neighbors Table)"
216.332617,18,"Node #18 [ 216.33262] Sent Join Request to [10,254]"
216.332659,13,Node #13 [ 216.33266] Sent Join Reply to: 5
216.332691,4,"Node #4  [ 216.33269] Heard Join Reply from: [8,254]"
216.332691,4,"Node #4  [ 216.33269] 4.[8,2] Sending JOIN_ACK to [8,254] through 12.[8,254] (selected by Neighbors Table)"
216.332707,19,Node #19 [ 216.33271] Sent Join Reply to: 18
216.332750,5,"Node #5  [ 216.33275] Heard Join Reply from: [9,254]"
216.332750,5,"Node #5  [ 216.33275] 5.[9,1] Sending JOIN_ACK to [9,254] through 13.[9,254] (selected by Neighbors Table)"
216.332796,18,"Node #18 [ 216.33280] Heard Join Reply from: [10,254]"
216.332796,18,"Node #18 [ 216.33280] 18.[10,1] Sending JOIN_ACK to [10,254] through 19.[10,254] (selected by Neighbors Table)"
226.628228,32,"Node #32 [ 226.62823] Sent Join Request to [11,254]"
226.628240,40,"Node #40 [ 226.62824] Sent Join Request to [11,254]"
226.628250,24,"Node #24 [ 226.62825] Sent Join Request to [11,254]"
226.628291,33,Node #33 [ 226.62829] Sent Join Reply to: 32
226.628316,33,Node #33 [ 226.62832] Sent Join Reply to: 40
226.628337,33,Node #33 [ 226.62834] Sent Join Reply to: 24
226.628355,32,"Node #32 [ 226.62835] Heard Join Reply from: [11,254]"
226.628355,32,"Node #32 [ 226.62835] 32.[11,3] Sending JOIN_ACK to [11,254] through 33.[11,254] (selected by Neighbors Table)"
226.628392,40,"Node #40 [ 226.62839] Heard Join Reply from: [11,254]"
226.628392,40,"Node #40 [ 226.62839] 40.[11,4] Sending JOIN_ACK to [11,254] through 33.[11,254] (selected by Neighbors Table)"
226.628424,24,"Node #24 [ 226.62842] Heard Join Reply from: [11,254]"
226.628424,24,"Node #24 [ 226.62842] 24.[11,5] Sending JOIN_ACK to [11,254] through 33.[11,254] (selected by Neighbors Table)"
229.578004,14,"Node #14 [ 229.57800] Sent Join Request to [13,254]"
229.578047,22,Node #22 [ 229.57805] Sent Join Reply to: 14
229.578090,14,"Node #14 [ 229.57809] Heard Join Reply from: [13,254]"
229.578090,14,"Node #14 [ 229.57809] 14.[13,1] Sending JOIN_ACK to [13,254] through 22.[13,254] (selected by Neighbors Table)"
238.930770,17,"Node #17 [ 238.93077] Sent Join Request to [10,1]"
238.930773,10,"Node #10 [ 238.93077] Sent Join Request to [10,1]"
238.930785,9,"Node #9  [ 238.93078] Sent Join Request to [10,1]"
238.930787,3,"Node #3  [ 238.93079] Sent Join Request to [8,2]"
238.930832,4,Node #4  [ 238.93083] Heard Join Request from 3
238.930832,4,"Node #4  [ 238.93083] 4.[8,2] Sending NETWORK_REQUEST to [1,254] through 12.[8,254] (selected by Parent)"
238.930843,18,Node #18 [ 238.93084] Heard Join Request from 17
238.930843,18,"Node #18 [ 238.93084] 18.[10,1] Sending NETWORK_REQUEST to [1,254] through 19.[10,254] (selected by Parent)"
238.930915,12,"Node #12 [ 238.93091] 12.[8,254] Sending NETWORK_REQUEST to [1,254] through 20.[5,1] (selected by Parent)"
238.930932,19,"Node #19 [ 238.93093] 19.[10,254] Sending NETWORK_REQUEST to [1,254] through 27.[5,2] (selected by Parent)"
238.930997,20,"Node #20 [ 238.93100] 20.[5,1] Sending NETWORK_REQUEST to [1,254] through 28.[5,254] (selected by Parent)"
238.931017,27,"Node #27 [ 238.93102] 27.[5,2] Sending NETWORK_REQUEST to [1,254] through 28.[5,254] (selected by Parent)"
238.931054,28,"Node #28 [ 238.93105] 28.[5,254] Sending NETWORK_REQUEST to [1,254] through 36.[2,2] (selected by Parent)"
238.931107,28,"Node #28 [ 238.93111] 28.[5,254] Sending NETWORK_REQUEST to [1,254] through 36.[2,2] (selected by Parent)"
238.931128,36,"Node #36 [ 238.93113] 36.[2,2] Sending NETWORK_REQUEST to [1,254] through 44.[2,254] (selected by Parent)"
238.931181,36,"Node #36 [ 238.93118] 36.[2,2] Sending NETWORK_REQUEST to [1,254] through 44.[2,254] (selected by Parent)"
238.931212,44,"Node #44 [ 238.93121] 44.[2,254] Sending NETWORK_REQUEST to [1,254] through 45.[1,2] (selected by Neighbor Network)"
238.931265,44,"Node #44 [ 238.93127] 44.[2,254] Sending NETWORK_REQUEST to [1,254] through 45.[1,2] (selected by Neighbor Network)"
238.931308,45,"Node #45 [ 238.93131] 45.[1,2] Sending NETWORK_REQUEST to [1,254] through 46.[1,254] (selected by Neighbors Table)"
238.931361,45,"Node #45 [ 238.93136] 45.[1,2] Sending NETWORK_REQUEST to [1,254] through 46.[1,254] (selected by Neighbors Table)"
238.931380,46,"Node #46 [ 238.93138] Sent network reply to [8,2]"
238.931380,46,"Node #46 [ 238.93138] 46.[1,254] Sending NETWORK_REPLY to [8,2] through 45.[1,2] (selected by Networking Table)"
238.931433,46,"Node #46 [ 238.93143] Sent network reply to [10,1]"
238.931433,46,"Node #46 [ 238.93143] 46.[1,254] Sending NETWORK_REPLY to [10,1] through 45.[1,2] (selected by Networking Table)"
238.931451,45,"Node #45 [ 238.93145] 45.[1,2] Sending NETWORK_REPLY to [8,2] through 44.[2,254] (selected by Networking Table)"
238.931504,45,"Node #45 [ 238.93150] 45.[1,2] Sending NETWORK_REPLY to [10,1] through 44.[2,254] (selected by Networking Table)"
238.931547,44,"Node #44 [ 238.93155] 44.[2,254] Sending NETWORK_REPLY to [8,2] through 36.[2,2] (selected by Networking Table)"
238.931600,44,"Node #44 [ 238.93160] 44.[2,254] Sending NETWORK_REPLY to [10,1] through 36.[2,2] (selected by Networking Table)"
238.931632,36,"Node #36 [ 238.93163] 36.[2,2] Sending NETWORK_REPLY to [8,2] through 28.[5,254] (selected by Networking Table)"
238.931684,36,"Node #36 [ 238.93168] 36.[2,2] Sending NETWORK_REPLY to [10,1] through 28.[5,254] (selected by Networking Table)"
238.931705,28,"Node #28 [ 238.93171] 28.[5,254] Sending NETWORK_REPLY to [8,2] through 20.[5,1] (selected by Networking Table)"
238.931758,28,"Node #28 [ 238.93176] 28.[5,254] Sending NETWORK_REPLY to [10,1] through 27.[5,2] (selected by Networking Table)"
238.931762,20,"Node #20 [ 238.93176] 20.[5,1] Sending NETWORK_REPLY to [8,2] through 12.[8,254] (selected by Neighbor Network)"
238.931845,12,"Node #12 [ 238.93185] 12.[8,254] Sending NETWORK_REPLY to [8,2] through 4.[8,2] (selected by Neighbors Table)"
238.931848,27,"Node #27 [ 238.93185] 27.[5,2] Sending NETWORK_REPLY to [10,1] through 19.[10,254] (selected by Neighbor Network)"
238.931928,4,"Node #4  [ 238.93193] 4.[8,2] Sending NETWORK_UPDATE to [1,254] through 12.[8,254] (selected by Parent)"
238.931928,4,Node #4  [ 238.93193] Sent Join Reply to: 3
238.931933,19,"Node #19 [ 238.93193] 19.[10,254] Sending NETWORK_REPLY to [10,1] through 18.[10,1] (selected by Neighbors Table)"
238.931972,3,"Node #3  [ 238.93197] Heard Join Reply from: [8,2]"
238.931972,3,"Node #3  [ 238.93197] 3.[14,254] Sending JOIN_ACK to [8,2] through 4.[8,2] (selected by Neighbors Table)"
238.932011,12,"Node #12 [ 238.93201] 12.[8,254] Sending NETWORK_UPDATE to [1,254] through 20.[5,1] (selected by Parent)"
238.932017,4,"Node #4  [ 238.93202] 4.[8,2] Sending NETWORK_UPDATE to [1,254] through 12.[8,254] (selected by Parent)"
238.932023,18,"Node #18 [ 238.93202] 18.[10,1] Sending NETWORK_UPDATE to [1,254] through 19.[10,254] (selected by Parent)"
238.932023,18,Node #18 [ 238.93202] Sent Join Reply to: 17
238.932094,20,"Node #20 [ 238.93209] 20.[5,1] Sending NETWORK_UPDATE to [1,254] through 28.[5,254] (selected by Parent)"
238.932095,17,"Node #17 [ 238.93210] Heard Join Reply from: [10,1]"
238.932095,17,"Node #17 [ 238.93210] 17.[15,254] Sending JOIN_ACK to [10,1] through 18.[10,1] (selected by Neighbors Table)"
238.932100,12,"Node #12 [ 238.93210] 12.[8,254] Sending NETWORK_UPDATE to [1,254] through 20.[5,1] (selected by Parent)"
238.932112,19,"Node #19 [ 238.93211] 19.[10,254] Sending NETWORK_UPDATE to [1,254] through 27.[5,2] (selected by Parent)"
238.932151,28,"Node #28 [ 238.93215] 28.[5,254] Sending NETWORK_UPDATE to [1,254] through 36.[2,2] (selected by Parent)"
238.932168,18,"Node #18 [ 238.93217] 18.[10,1] Sending NETWORK_UPDATE to [1,254] through 19.[10,254] (selected by Parent)"
238.932182,20,"Node #20 [ 238.93218] 20.[5,1] Sending NETWORK_UPDATE to [1,254] through 28.[5,254] (selected by Parent)"
238.932197,27,"Node #27 [ 238.93220] 27.[5,2] Sending NETWORK_UPDATE to [1,254] through 28.[5,254] (selected by Parent)"
238.932224,36,"Node #36 [ 238.93222] 36.[2,2] Sending NETWORK_UPDATE to [1,254] through 44.[2,254] (selected by Parent)"
238.932239,28,"Node #28 [ 238.93224] 28.[5,254] Sending NETWORK_UPDATE to [1,254] through 36.[2,2] (selected by Parent)"
238.932257,19,"Node #19 [ 238.93226] 19.[10,254] Sending NETWORK_UPDATE to [1,254] through 27.[5,2] (selected by Parent)"
238.932287,28,"Node #28 [ 238.93229] 28.[5,254] Sending NETWORK_UPDATE to [1,254] through 36.[2,2] (selected by Parent)"
238.932309,44,"Node #44 [ 238.93231] 44.[2,254] Sending NETWORK_UPDATE to [1,254] through 45.[1,2] (selected by Neighbor Network)"
238.932313,36,"Node #36 [ 238.93231] 36.[2,2] Sending NETWORK_UPDATE to [1,254] through 44.[2,254] (selected by Parent)"
238.932342,27,"Node #27 [ 238.93234] 27.[5,2] Sending NETWORK_UPDATE to [1,254] through 28.[5,254] (selected by Parent)"
238.932361,36,"Node #36 [ 238.93236] 36.[2,2] Sending NETWORK_UPDATE to [1,254] through 44.[2,254] (selected by Parent)"
238.932397,44,"Node #44 [ 238.93240] 44.[2,254] Sending NETWORK_UPDATE to [1,254] through 45.[1,2] (selected by Neighbor Network)"
238.932405,45,"Node #45 [ 238.93240] 45.[1,2] Sending NETWORK_UPDATE to [1,254] through 46.[1,254] (selected by Neighbors Table)"
238.932432,28,"Node #28 [ 238.93243] 28.[5,254] Sending NETWORK_UPDATE to [1,254] through 36.[2,2] (selected by Parent)"
238.932445,44,"Node #44 [ 238.93245] 44.[2,254] Sending NETWORK_UPDATE to [1,254] through 45.[1,2] (selected by Neighbor Network)"
238.932493,45,"Node #45 [ 238.93249] 45.[1,2] Sending NETWORK_UPDATE to [1,254] through 46.[1,254] (selected by Neighbors Table)"
238.932506,36,"Node #36 [ 238.93251] 36.[2,2] Sending NETWORK_UPDATE to [1,254] through 44.[2,254] (selected by Parent)"
238.932541,45,"Node #45 [ 238.93254] 45.[1,2] Sending NETWORK_UPDATE to [1,254] through 46.[1,254] (selected by Neighbors Table)"
238.932590,44,"Node #44 [ 238.93259] 44.[2,254] Sending NETWORK_UPDATE to [1,254] through 45.[1,2] (selected by Neighbor Network)"
238.932686,45,"Node #45 [ 238.93269] 45.[1,2] Sending NETWORK_UPDATE to [1,254] through 46.[1,254] (selected by Neighbors Table)"
241.335995,6,"Node #6  [ 241.33600] Sent Join Request to [9,1]"
241.336081,5,Node #5  [ 241.33608] Heard Join Request from 6
241.336081,5,"Node #5  [ 241.33608] 5.[9,1] Sending NETWORK_REQUEST to [1,254] through 13.[9,254] (selected by Parent)"
241.336172,13,"Node #13 [ 241.33617] 13.[9,254] Sending NETWORK_REQUEST to [1,254] through 21.[5,3] (selected by Parent)"
241.336240,21,"Node #21 [ 241.33624] 21.[5,3] Sending NETWORK_REQUEST to [1,254] through 28.[5,254] (selected by Parent)"
241.336329,28,"Node #28 [ 241.33633] 28.[5,254] Sending NETWORK_REQUEST to [1,254] through 36.[2,2] (selected by Parent)"
241.336403,36,"Node #36 [ 241.33640] 36.[2,2] Sending NETWORK_REQUEST to [1,254] through 44.[2,254] (selected by Parent)"
241.336487,44,"Node #44 [ 241.33649] 44.[2,254] Sending NETWORK_REQUEST to [1,254] through 45.[1,2] (selected by Neighbor Network)"
241.336583,45,"Node #45 [ 241.33658] 45.[1,2] Sending NETWORK_REQUEST to [1,254] through 46.[1,254] (selected by Neighbors Table)"
241.336655,46,"Node #46 [ 241.33665] Sent network reply to [9,1]"
241.336655,46,"Node #46 [ 241.33665] 46.[1,254] Sending NETWORK_REPLY to [9,1] through 45.[1,2] (selected by Networking Table)"
241.336726,45,"Node #45 [ 241.33673] 45.[1,2] Sending NETWORK_REPLY to [9,1] through 44.[2,254] (selected by Networking Table)"
241.336822,44,"Node #44 [ 241.33682] 44.[2,254] Sending NETWORK_REPLY to [9,1] through 36.[2,2] (selected by Networking Table)"
241.336907,36,"Node #36 [ 241.33691] 36.[2,2] Sending NETWORK_REPLY to [9,1] through 28.[5,254] (selected by Networking Table)"
241.336980,28,"Node #28 [ 241.33698] 28.[5,254] Sending NETWORK_REPLY to [9,1] through 21.[5,3] (selected by Networking Table)"
241.337070,21,"Node #21 [ 241.33707] 21.[5,3] Sending NETWORK_REPLY to [9,1] through 13.[9,254] (selected by Neighbor Network)"
241.337138,13,"Node #13 [ 241.33714] 13.[9,254] Sending NETWORK_REPLY to [9,1] through 5.[9,1] (selected by Neighbors Table)"
241.337229,5,"Node #5  [ 241.33723] 5.[9,1] Sending NETWORK_UPDATE to [1,254] through 13.[9,254] (selected by Parent)"
241.337229,5,Node #5  [ 241.33723] Sent Join Reply to: 6
241.337314,6,"Node #6  [ 241.33731] Heard Join Reply from: [9,1]"
241.337314,6,"Node #6  [ 241.33731] 6.[16,254] Sending JOIN_ACK to [9,1] through 5.[9,1] (selected by Neighbors Table)"
241.337320,13,"Node #13 [ 241.33732] 13.[9,254] Sending NETWORK_UPDATE to [1,254] through 21.[5,3] (selected by Parent)"
241.337388,21,"Node #21 [ 241.33739] 21.[5,3] Sending NETWORK_UPDATE to [1,254] through 28.[5,254] (selected by Parent)"
241.337400,5,"Node #5  [ 241.33740] 5.[9,1] Sending NETWORK_UPDATE to [1,254] through 13.[9,254] (selected by Parent)"
241.337477,28,"Node #28 [ 241.33748] 28.[5,254] Sending NETWORK_UPDATE to [1,254] through 36.[2,2] (selected by Parent)"
241.337491,13,"Node #13 [ 241.33749] 13.[9,254] Sending NETWORK_UPDATE to [1,254] through 21.[5,3] (selected by Parent)"
241.337551,36,"Node #36 [ 241.33755] 36.[2,2] Sending NETWORK_UPDATE to [1,254] through 44.[2,254] (selected by Parent)"
241.337558,21,"Node #21 [ 241.33756] 21.[5,3] Sending NETWORK_UPDATE to [1,254] through 28.[5,254] (selected by Parent)"
241.337635,44,"Node #44 [ 241.33764] 44.[2,254] Sending NETWORK_UPDATE to [1,254] through 45.[1,2] (selected by Neighbor Network)"
241.337648,28,"Node #28 [ 241.33765] 28.[5,254] Sending NETWORK_UPDATE to [1,254] through 36.[2,2] (selected by Parent)"
241.337722,36,"Node #36 [ 241.33772] 36.[2,2] Sending NETWORK_UPDATE to [1,254] through 44.[2,254] (selected by Parent)"
241.337731,45,"Node #45 [ 241.33773] 45.[1,2] Sending NETWORK_UPDATE to [1,254] through 46.[1,254] (selected by Neighbors Table)"
241.337806,44,"Node #44 [ 241.33781] 44.[2,254] Sending NETWORK_UPDATE to [1,254] through 45.[1,2] (selected by Neighbor Network)"
241.337902,45,"Node #45 [ 241.33790] 45.[1,2] Sending NETWORK_UPDATE to [1,254] through 46.[1,254] (selected by Neighbors Table)"
241.627580,49,"Node #49 [ 241.62758] Sent Join Request to [11,2]"
241.627658,41,Node #41 [ 241.62766] Heard Join Request from 49
241.627658,41,"Node #41 [ 241.62766] 41.[11,2] Sending NETWORK_REQUEST to [1,254] through 33.[11,254] (selected by Parent)"
241.627746,33,"Node #33 [ 241.62775] 33.[11,254] Sending NETWORK_REQUEST to [1,254] through 34.[4,2] (selected by Parent)"
241.627819,34,"Node #34 [ 241.62782] 34.[4,2] Sending NETWORK_REQUEST to [1,254] through 42.[4,254] (selected by Parent)"
241.627882,42,"Node #42 [ 241.62788] 42.[4,254] Sending NETWORK_REQUEST to [1,254] through 43.[2,1] (selected by Parent)"
241.627931,43,"Node #43 [ 241.62793] 43.[2,1] Sending NETWORK_REQUEST to [1,254] through 44.[2,254] (selected by Parent)"
241.628015,44,"Node #44 [ 241.62802] 44.[2,254] Sending NETWORK_REQUEST to [1,254] through 45.[1,2] (selected by Neighbor Network)"
241.628111,45,"Node #45 [ 241.62811] 45.[1,2] Sending NETWORK_REQUEST to [1,254] through 46.[1,254] (selected by Neighbors Table)"
241.628183,46,"Node #46 [ 241.62818] Sent network reply to [11,2]"
241.628183,46,"Node #46 [ 241.62818] 46.[1,254] Sending NETWORK_REPLY to [11,2] through 45.[1,2] (selected by Networking Table)"
241.628254,45,"Node #45 [ 241.62825] 45.[1,2] Sending NETWORK_REPLY to [11,2] through 44.[2,254] (selected by Networking Table)"
241.628350,44,"Node #44 [ 241.62835] 44.[2,254] Sending NETWORK_REPLY to [11,2] through 43.[2,1] (selected by Networking Table)"
241.628435,43,"Node #43 [ 241.62843] 43.[2,1] Sending NETWORK_REPLY to [11,2] through 42.[4,254] (selected by Networking Table)"
241.628484,42,"Node #42 [ 241.62848] 42.[4,254] Sending NETWORK_REPLY to [11,2] through 34.[4,2] (selected by Networking Table)"
241.628546,34,"Node #34 [ 241.62855] 34.[4,2] Sending NETWORK_REPLY to [11,2] through 41.[11,2] (selected by Neighbors Table)"
241.628643,41,"Node #41 [ 241.62864] 41.[11,2] Sending NETWORK_UPDATE to [1,254] through 33.[11,254] (selected by Parent)"
241.628643,41,Node #41 [ 241.62864] Sent Join Reply to: 49
241.628722,49,"Node #49 [ 241.62872] Heard Join Reply from: [11,2]"
241.628722,49,"Node #49 [ 241.62872] 49.[17,254] Sending JOIN_ACK to [11,2] through 41.[11,2] (selected by Neighbors Table)"
241.628731,33,"Node #33 [ 241.62873] 33.[11,254] Sending NETWORK_UPDATE to [1,254] through 34.[4,2] (selected by Parent)"
241.628800,41,"Node #41 [ 241.62880] 41.[11,2] Sending NETWORK_UPDATE to [1,254] through 33.[11,254] (selected by Parent)"
241.628805,34,"Node #34 [ 241.62880] 34.[4,2] Sending NETWORK_UPDATE to [1,254] through 42.[4,254] (selected by Parent)"
241.628867,42,"Node #42 [ 241.62887] 42.[4,254] Sending NETWORK_UPDATE to [1,254] through 43.[2,1] (selected by Parent)"
241.628887,33,"Node #33 [ 241.62889] 33.[11,254] Sending NETWORK_UPDATE to [1,254] through 34.[4,2] (selected by Parent)"
241.628916,43,"Node #43 [ 241.62892] 43.[2,1] Sending NETWORK_UPDATE to [1,254] through 44.[2,254] (selected by Parent)"
241.628961,34,"Node #34 [ 241.62896] 34.[4,2] Sending NETWORK_UPDATE to [1,254] through 42.[4,254] (selected by Parent)"
241.629000,44,"Node #44 [ 241.62900] 44.[2,254] Sending NETWORK_UPDATE to [1,254] through 45.[1,2] (selected by Neighbor Network)"
241.629023,42,"Node #42 [ 241.62902] 42.[4,254] Sending NETWORK_UPDATE to [1,254] through 43.[2,1] (selected by Parent)"
241.629072,43,"Node #43 [ 241.62907] 43.[2,1] Sending NETWORK_UPDATE to [1,254] through 44.[2,254] (selected by Parent)"
241.629096,45,"Node #45 [ 241.62910] 45.[1,2] Sending NETWORK_UPDATE to [1,254] through 46.[1,254] (selected by Neighbors Table)"
241.629157,44,"Node #44 [ 241.62916] 44.[2,254] Sending NETWORK_UPDATE to [1,254] through 45.[1,2] (selected by Neighbor Network)"
241.629253,45,"Node #45 [ 241.62925] 45.[1,2] Sending NETWORK_UPDATE to [1,254] through 46.[1,254] (selected by Neighbors Table)"
243.930773,10,"Node #10 [ 243.93077] Sent Join Request to [8,1]"
243.930785,9,"Node #9  [ 243.93078] Sent Join Request to [15,254]"
243.930856,11,Node #11 [ 243.93086] Heard Join Request from 10
243.930856,11,"Node #11 [ 243.93086] 11.[8,1] Sending NETWORK_REQUEST to [1,254] through 12.[8,254] (selected by Parent)"
243.930860,17,Node #17 [ 243.93086] Sent Join Reply to: 9
243.930913,12,"Node #12 [ 243.93091] 12.[8,254] Sending NETWORK_REQUEST to [1,254] through 20.[5,1] (selected by Parent)"
243.930936,9,"Node #9  [ 243.93094] Heard Join Reply from: [15,254]"
243.930936,9,"Node #9  [ 243.93094] 9.[15,1] Sending JOIN_ACK to [15,254] through 17.[15,254] (selected by Neighbors Table)"
243.930995,20,"Node #20 [ 243.93100] 20.[5,1] Sending NETWORK_REQUEST to [1,254] through 28.[5,254] (selected by Parent)"
243.931052,28,"Node #28 [ 243.93105] 28.[5,254] Sending NETWORK_REQUEST to [1,254] through 36.[2,2] (selected by Parent)"
243.931126,36,"Node #36 [ 243.93113] 36.[2,2] Sending NETWORK_REQUEST to [1,254] through 44.[2,254] (selected by Parent)"
243.931210,44,"Node #44 [ 243.93121] 44.[2,254] Sending NETWORK_REQUEST to [1,254] through 45.[1,2] (selected by Neighbor Network)"
243.931307,45,"Node #45 [ 243.93131] 45.[1,2] Sending NETWORK_REQUEST to [1,254] through 46.[1,254] (selected by Neighbors Table)"
243.931378,46,"Node #46 [ 243.93138] Sent network reply to [8,1]"
243.931378,46,"Node #46 [ 243.93138] 46.[1,254] Sending NETWORK_REPLY to [8,1] through 45.[1,2] (selected by Networking Table)"
243.931449,45,"Node #45 [ 243.93145] 45.[1,2] Sending NETWORK_REPLY to [8,1] through 44.[2,254] (selected by Networking Table)"
243.931545,44,"Node #44 [ 243.93155] 44.[2,254] Sending NETWORK_REPLY to [8,1] through 36.[2,2] (selected by Networking Table)"
243.931630,36,"Node #36 [ 243.93163] 36.[2,2] Sending NETWORK_REPLY to [8,1] through 28.[5,254] (selected by Networking Table)"
243.931704,28,"Node #28 [ 243.93170] 28.[5,254] Sending NETWORK_REPLY to [8,1] through 20.[5,1] (selected by Networking Table)"
243.931760,20,"Node #20 [ 243.93176] 20.[5,1] Sending NETWORK_REPLY to [8,1] through 12.[8,254] (selected by Neighbor Network)"
243.931843,12,"Node #12 [ 243.93184] 12.[8,254] Sending NETWORK_REPLY to [8,1] through 11.[8,1] (selected by Neighbors Table)"
243.931900,11,"Node #11 [ 243.93190] 11.[8,1] Sending NETWORK_UPDATE to [1,254] through 12.[8,254] (selected by Parent)"
243.931900,11,Node #11 [ 243.93190] Sent Join Reply to: 10
243.931957,12,"Node #12 [ 243.93196] 12.[8,254] Sending NETWORK_UPDATE to [1,254] through 20.[5,1] (selected by Parent)"
243.931983,10,"Node #10 [ 243.93198] Heard Join Reply from: [8,1]"
243.931983,10,"Node #10 [ 243.93198] 10.[18,254] Sending JOIN_ACK to [8,1] through 11.[8,1] (selected by Neighbors Table)"
243.932040,20,"Node #20 [ 243.93204] 20.[5,1] Sending NETWORK_UPDATE to [1,254] through 28.[5,254] (selected by Parent)"
243.932066,11,"Node #11 [ 243.93207] 11.[8,1] Sending NETWORK_UPDATE to [1,254] through 12.[8,254] (selected by Parent)"
243.932097,28,"Node #28 [ 243.93210] 28.[5,254] Sending NETWORK_UPDATE to [1,254] through 36.[2,2] (selected by Parent)"
243.932123,12,"Node #12 [ 243.93212] 12.[8,254] Sending NETWORK_UPDATE to [1,254] through 20.[5,1] (selected by Parent)"
243.932170,36,"Node #36 [ 243.93217] 36.[2,2] Sending NETWORK_UPDATE to [1,254] through 44.[2,254] (selected by Parent)"
243.932205,20,"Node #20 [ 243.93221] 20.[5,1] Sending NETWORK_UPDATE to [1,254] through 28.[5,254] (selected by Parent)"
243.932255,44,"Node #44 [ 243.93225] 44.[2,254] Sending NETWORK_UPDATE to [1,254] through 45.[1,2] (selected by Neighbor Network)"
243.932262,28,"Node #28 [ 243.93226] 28.[5,254] Sending NETWORK_UPDATE to [1,254] through 36.[2,2] (selected by Parent)"
243.932336,36,"Node #36 [ 243.93234] 36.[2,2] Sending NETWORK_UPDATE to [1,254] through 44.[2,254] (selected by Parent)"
243.932351,45,"Node #45 [ 243.93235] 45.[1,2] Sending NETWORK_UPDATE to [1,254] through 46.[1,254] (selected by Neighbors Table)"
243.932420,44,"Node #44 [ 243.93242] 44.[2,254] Sending NETWORK_UPDATE to [1,254] through 45.[1,2] (selected by Neighbor Network)"
243.932516,45,"Node #45 [ 243.93252] 45.[1,2] Sending NETWORK_UPDATE to [1,254] through 46.[1,254] (selected by Neighbors Table)"
249.992289,15,"Node #15 [ 249.99229] Sent Join Request to [13,1]"
249.992297,7,"Node #7  [ 249.99230] Sent Join Request to [13,1]"
249.992363,14,Node #14 [ 249.99236] Heard Join Request from 15
249.992363,14,"Node #14 [ 249.99236] 14.[13,1] Sending NETWORK_REQUEST to [1,254] through 22.[13,254] (selected by Parent)"
249.992406,22,"Node #22 [ 249.99241] 22.[13,254] Sending NETWORK_REQUEST to [1,254] through 21.[5,3] (selected by Parent)"
249.992490,21,"Node #21 [ 249.99249] 21.[5,3] Sending NETWORK_REQUEST to [1,254] through 28.[5,254] (selected by Parent)"
249.992580,28,"Node #28 [ 249.99258] 28.[5,254] Sending NETWORK_REQUEST to [1,254] through 36.[2,2] (selected by Parent)"
249.992653,36,"Node #36 [ 249.99265] 36.[2,2] Sending NETWORK_REQUEST to [1,254] through 44.[2,254] (selected by Parent)"
249.992738,44,"Node #44 [ 249.99274] 44.[2,254] Sending NETWORK_REQUEST to [1,254] through 45.[1,2] (selected by Neighbor Network)"
249.992834,45,"Node #45 [ 249.99283] 45.[1,2] Sending NETWORK_REQUEST to [1,254] through 46.[1,254] (selected by Neighbors Table)"
249.992905,46,"Node #46 [ 249.99291] Sent network reply to [13,1]"
249.992905,46,"Node #46 [ 249.99291] 46.[1,254] Sending NETWORK_REPLY to [13,1] through 45.[1,2] (selected by Networking Table)"
249.992977,45,"Node #45 [ 249.99298] 45.[1,2] Sending NETWORK_REPLY to [13,1] through 44.[2,254] (selected by Networking Table)"
249.993073,44,"Node #44 [ 249.99307] 44.[2,254] Sending NETWORK_REPLY to [13,1] through 36.[2,2] (selected by Networking Table)"
249.993157,36,"Node #36 [ 249.99316] 36.[2,2] Sending NETWORK_REPLY to [13,1] through 28.[5,254] (selected by Networking Table)"
249.993231,28,"Node #28 [ 249.99323] 28.[5,254] Sending NETWORK_REPLY to [13,1] through 21.[5,3] (selected by Networking Table)"
249.993320,21,"Node #21 [ 249.99332] 21.[5,3] Sending NETWORK_REPLY to [13,1] through 22.[13,254] (selected by Neighbor Network)"
249.993404,22,"Node #22 [ 249.99340] 22.[13,254] Sending NETWORK_REPLY to [13,1] through 14.[13,1] (selected by Neighbors Table)"
249.993447,14,"Node #14 [ 249.99345] 14.[13,1] Sending NETWORK_UPDATE to [1,254] through 22.[13,254] (selected by Parent)"
249.993447,14,Node #14 [ 249.99345] Sent Join Reply to: 15
249.993490,22,"Node #22 [ 249.99349] 22.[13,254] Sending NETWORK_UPDATE to [1,254] through 21.[5,3] (selected by Parent)"
249.993522,15,"Node #15 [ 249.99352] Heard Join Reply from: [13,1]"
249.993522,15,"Node #15 [ 249.99352] 15.[19,254] Sending JOIN_ACK to [13,1] through 14.[13,1] (selected by Neighbors Table)"
249.993574,21,"Node #21 [ 249.99357] 21.[5,3] Sending NETWORK_UPDATE to [1,254] through 28.[5,254] (selected by Parent)"
249.993596,14,"Node #14 [ 249.99360] 14.[13,1] Sending NETWORK_UPDATE to [1,254] through 22.[13,254] (selected by Parent)"
249.993639,22,"Node #22 [ 249.99364] 22.[13,254] Sending NETWORK_UPDATE to [1,254] through 21.[5,3] (selected by Parent)"
249.993664,28,"Node #28 [ 249.99366] 28.[5,254] Sending NETWORK_UPDATE to [1,254] through 36.[2,2] (selected by Parent)"
249.993723,21,"Node #21 [ 249.99372] 21.[5,3] Sending NETWORK_UPDATE to [1,254] through 28.[5,254] (selected by Parent)"
249.993738,36,"Node #36 [ 249.99374] 36.[2,2] Sending NETWORK_UPDATE to [1,254] through 44.[2,254] (selected by Parent)"
249.993812,28,"Node #28 [ 249.99381] 28.[5,254] Sending NETWORK_UPDATE to [1,254] through 36.[2,2] (selected by Parent)"
249.993822,44,"Node #44 [ 249.99382] 44.[2,254] Sending NETWORK_UPDATE to [1,254] through 45.[1,2] (selected by Neighbor Network)"
249.993886,36,"Node #36 [ 249.99389] 36.[2,2] Sending NETWORK_UPDATE to [1,254] through 44.[2,254] (selected by Parent)"
249.993918,45,"Node #45 [ 249.99392] 45.[1,2] Sending NETWORK_UPDATE to [1,254] through 46.[1,254] (selected by Neighbors Table)"
249.993970,44,"Node #44 [ 249.99397] 44.[2,254] Sending NETWORK_UPDATE to [1,254] through 45.[1,2] (selected by Neighbor Network)"
249.994067,45,"Node #45 [ 249.99407] 45.[1,2] Sending NETWORK_UPDATE to [1,254] through 46.[1,254] (selected by Neighbors Table)"
254.992297,7,"Node #7  [ 254.99230] Sent Join Request to [19,254]"
254.992341,15,Node #15 [ 254.99234] Sent Join Reply to: 7
254.992385,7,"Node #7  [ 254.99238] Heard Join Reply from: [19,254]"
254.992385,7,"Node #7  [ 254.99238] 7.[19,1] Sending JOIN_ACK to [19,254] through 15.[19,254] (selected by Neighbors Table)"
256.628484,48,"Node #48 [ 256.62848] Sent Join Request to [11,4]"
256.628575,40,Node #40 [ 256.62858] Heard Join Request from 48
256.628575,40,"Node #40 [ 256.62858] 40.[11,4] Sending NETWORK_REQUEST to [1,254] through 33.[11,254] (selected by Parent)"
256.628651,33,"Node #33 [ 256.62865] 33.[11,254] Sending NETWORK_REQUEST to [1,254] through 34.[4,2] (selected by Parent)"
256.628725,34,"Node #34 [ 256.62872] 34.[4,2] Sending NETWORK_REQUEST to [1,254] through 42.[4,254] (selected by Parent)"
256.628787,42,"Node #42 [ 256.62879] 42.[4,254] Sending NETWORK_REQUEST to [1,254] through 43.[2,1] (selected by Parent)"
256.628836,43,"Node #43 [ 256.62884] 43.[2,1] Sending NETWORK_REQUEST to [1,254] through 44.[2,254] (selected by Parent)"
256.628921,44,"Node #44 [ 256.62892] 44.[2,254] Sending NETWORK_REQUEST to [1,254] through 45.[1,2] (selected by Neighbor Network)"
256.629017,45,"Node #45 [ 256.62902] 45.[1,2] Sending NETWORK_REQUEST to [1,254] through 46.[1,254] (selected by Neighbors Table)"
256.629088,46,"Node #46 [ 256.62909] Sent network reply to [11,4]"
256.629088,46,"Node #46 [ 256.62909] 46.[1,254] Sending NETWORK_REPLY to [11,4] through 45.[1,2] (selected by Networking Table)"
256.629160,45,"Node #45 [ 256.62916] 45.[1,2] Sending NETWORK_REPLY to [11,4] through 44.[2,254] (selected by Networking Table)"
256.629256,44,"Node #44 [ 256.62926] 44.[2,254] Sending NETWORK_REPLY to [11,4] through 43.[2,1] (selected by Networking Table)"
256.629340,43,"Node #43 [ 256.62934] 43.[2,1] Sending NETWORK_REPLY to [11,4] through 42.[4,254] (selected by Networking Table)"
256.629389,42,"Node #42 [ 256.62939] 42.[4,254] Sending NETWORK_REPLY to [11,4] through 34.[4,2] (selected by Networking Table)"
256.629451,34,"Node #34 [ 256.62945] 34.[4,2] Sending NETWORK_REPLY to [11,4] through 33.[11,254] (selected by Neighbor Network)"
256.629525,33,"Node #33 [ 256.62953] 33.[11,254] Sending NETWORK_REPLY to [11,4] through 40.[11,4] (selected by Neighbors Table)"
256.629601,40,"Node #40 [ 256.62960] 40.[11,4] Sending NETWORK_UPDATE to [1,254] through 33.[11,254] (selected by Parent)"
256.629601,40,Node #40 [ 256.62960] Sent Join Reply to: 48
256.629677,33,"Node #33 [ 256.62968] 33.[11,254] Sending NETWORK_UPDATE to [1,254] through 34.[4,2] (selected by Parent)"
256.629693,48,"Node #48 [ 256.62969] Heard Join Reply from: [11,4]"
256.629693,48,"Node #48 [ 256.62969] 48.[20,254] Sending JOIN_ACK to [11,4] through 40.[11,4] (selected by Neighbors Table)"
256.629751,34,"Node #34 [ 256.62975] 34.[4,2] Sending NETWORK_UPDATE to [1,254] through 42.[4,254] (selected by Parent)"
256.629784,40,"Node #40 [ 256.62978] 40.[11,4] Sending NETWORK_UPDATE to [1,254] through 33.[11,254] (selected by Parent)"
256.629813,42,"Node #42 [ 256.62981] 42.[4,254] Sending NETWORK_UPDATE to [1,254] through 43.[2,1] (selected by Parent)"
256.629860,33,"Node #33 [ 256.62986] 33.[11,254] Sending NETWORK_UPDATE to [1,254] through 34.[4,2] (selected by Parent)"
256.629862,43,"Node #43 [ 256.62986] 43.[2,1] Sending NETWORK_UPDATE to [1,254] through 44.[2,254] (selected by Parent)"
256.629934,34,"Node #34 [ 256.62993] 34.[4,2] Sending NETWORK_UPDATE to [1,254] through 42.[4,254] (selected by Parent)"
256.629947,44,"Node #44 [ 256.62995] 44.[2,254] Sending NETWORK_UPDATE to [1,254] through 45.[1,2] (selected by Neighbor Network)"
256.629996,42,"Node #42 [ 256.63000] 42.[4,254] Sending NETWORK_UPDATE to [1,254] through 43.[2,1] (selected by Parent)"
256.630043,45,"Node #45 [ 256.63004] 45.[1,2] Sending NETWORK_UPDATE to [1,254] through 46.[1,254] (selected by Neighbors Table)"
256.630045,43,"Node #43 [ 256.63005] 43.[2,1] Sending NETWORK_UPDATE to [1,254] through 44.[2,254] (selected by Parent)"
256.630130,44,"Node #44 [ 256.63013] 44.[2,254] Sending NETWORK_UPDATE to [1,254] through 45.[1,2] (selected by Neighbor Network)"
256.630226,45,"Node #45 [ 256.63023] 45.[1,2] Sending NETWORK_UPDATE to [1,254] through 46.[1,254] (selected by Neighbors Table)"
258.932171,16,"Node #16 [ 258.93217] Sent Join Request to [15,254]"
258.932195,8,"Node #8  [ 258.93219] Sent Join Request to [15,254]"
258.932247,17,Node #17 [ 258.93225] Sent Join Reply to: 16
258.932294,17,Node #17 [ 258.93229] Sent Join Reply to: 8
258.932322,16,"Node #16 [ 258.93232] Heard Join Reply from: [15,254]"
258.932322,16,"Node #16 [ 258.93232] 16.[15,2] Sending JOIN_ACK to [15,254] through 17.[15,254] (selected by Neighbors Table)"
258.932394,8,"Node #8  [ 258.93239] Heard Join Reply from: [15,254]"
258.932394,8,"Node #8  [ 258.93239] 8.[15,3] Sending JOIN_ACK to [15,254] through 17.[15,254] (selected by Neighbors Table)"
263.932037,2,"Node #2  [ 263.93204] Sent Join Request to [18,254]"
263.932077,1,"Node #1  [ 263.93208] Sent Join Request to [18,254]"
263.932091,10,Node #10 [ 263.93209] Sent Join Reply to: 2
263.932145,2,"Node #2  [ 263.93214] Heard Join Reply from: [18,254]"
263.932145,2,"Node #2  [ 263.93214] 2.[18,1] Sending JOIN_ACK to [18,254] through 10.[18,254] (selected by Neighbors Table)"
263.932172,10,Node #10 [ 263.93217] Sent Join Reply to: 1
263.932266,1,"Node #1  [ 263.93227] Heard Join Reply from: [18,254]"
263.932266,1,"Node #1  [ 263.93227] 1.[18,2] Sending JOIN_ACK to [18,254] through 10.[18,254] (selected by Neighbors Table)"
288.932451,0,"Node #0  [ 288.93245] Sent Join Request to [15,3]"
288.932508,8,Node #8  [ 288.93251] Heard Join Request from 0
288.932508,8,"Node #8  [ 288.93251] 8.[15,3] Sending NETWORK_REQUEST to [1,254] through 17.[15,254] (selected by Parent)"
288.932607,17,"Node #17 [ 288.93261] 17.[15,254] Sending NETWORK_REQUEST to [1,254] through 18.[10,1] (selected by Parent)"
288.932680,18,"Node #18 [ 288.93268] 18.[10,1] Sending NETWORK_REQUEST to [1,254] through 19.[10,254] (selected by Parent)"
288.932769,19,"Node #19 [ 288.93277] 19.[10,254] Sending NETWORK_REQUEST to [1,254] through 27.[5,2] (selected by Parent)"
288.932854,27,"Node #27 [ 288.93285] 27.[5,2] Sending NETWORK_REQUEST to [1,254] through 28.[5,254] (selected by Parent)"
288.932944,28,"Node #28 [ 288.93294] 28.[5,254] Sending NETWORK_REQUEST to [1,254] through 36.[2,2] (selected by Parent)"
288.933018,36,"Node #36 [ 288.93302] 36.[2,2] Sending NETWORK_REQUEST to [1,254] through 44.[2,254] (selected by Parent)"
288.933102,44,"Node #44 [ 288.93310] 44.[2,254] Sending NETWORK_REQUEST to [1,254] through 45.[1,2] (selected by Neighbor Network)"
288.933198,45,"Node #45 [ 288.93320] 45.[1,2] Sending NETWORK_REQUEST to [1,254] through 46.[1,254] (selected by Neighbors Table)"
288.933270,46,"Node #46 [ 288.93327] Sent network reply to [15,3]"
288.933270,46,"Node #46 [ 288.93327] 46.[1,254] Sending NETWORK_REPLY to [15,3] through 45.[1,2] (selected by Networking Table)"
288.933341,45,"Node #45 [ 288.93334] 45.[1,2] Sending NETWORK_REPLY to [15,3] through 44.[2,254] (selected by Networking Table)"
288.933437,44,"Node #44 [ 288.93344] 44.[2,254] Sending NETWORK_REPLY to [15,3] through 36.[2,2] (selected by Networking Table)"
288.933522,36,"Node #36 [ 288.93352] 36.[2,2] Sending NETWORK_REPLY to [15,3] through 28.[5,254] (selected by Networking Table)"
288.933595,28,"Node #28 [ 288.93360] 28.[5,254] Sending NETWORK_REPLY to [15,3] through 27.[5,2] (selected by Networking Table)"
288.933685,27,"Node #27 [ 288.93369] 27.[5,2] Sending NETWORK_REPLY to [15,3] through 19.[10,254] (selected by Networking Table)"
288.933770,19,"Node #19 [ 288.93377] 19.[10,254] Sending NETWORK_REPLY to [15,3] through 18.[10,1] (selected by Networking Table)"
288.933860,18,"Node #18 [ 288.93386] 18.[10,1] Sending NETWORK_REPLY to [15,3] through 17.[15,254] (selected by Neighbor Network)"
288.933932,17,"Node #17 [ 288.93393] 17.[15,254] Sending NETWORK_REPLY to [15,3] through 8.[15,3] (selected by Neighbors Table)"
288.934032,8,"Node #8  [ 288.93403] 8.[15,3] Sending NETWORK_UPDATE to [1,254] through 17.[15,254] (selected by Parent)"
288.934032,8,Node #8  [ 288.93403] Sent Join Reply to: 0
288.934089,0,"Node #0  [ 288.93409] Heard Join Reply from: [15,3]"
288.934089,0,"Node #0  [ 288.93409] 0.[21,254] Sending JOIN_ACK to [15,3] through 8.[15,3] (selected by Neighbors Table)"
288.934132,17,"Node #17 [ 288.93413] 17.[15,254] Sending NETWORK_UPDATE to [1,254] through 18.[10,1] (selected by Parent)"
288.934146,8,"Node #8  [ 288.93415] 8.[15,3] Sending NETWORK_UPDATE to [1,254] through 17.[15,254] (selected by Parent)"
288.934204,18,"Node #18 [ 288.93420] 18.[10,1] Sending NETWORK_UPDATE to [1,254] through 19.[10,254] (selected by Parent)"
288.934245,17,"Node #17 [ 288.93425] 17.[15,254] Sending NETWORK_UPDATE to [1,254] through 18.[10,1] (selected by Parent)"
288.934293,19,"Node #19 [ 288.93429] 19.[10,254] Sending NETWORK_UPDATE to [1,254] through 27.[5,2] (selected by Parent)"
288.934318,18,"Node #18 [ 288.93432] 18.[10,1] Sending NETWORK_UPDATE to [1,254] through 19.[10,254] (selected by Parent)"
288.934378,27,"Node #27 [ 288.93438] 27.[5,2] Sending NETWORK_UPDATE to [1,254] through 28.[5,254] (selected by Parent)"
